group,query,intent,volume,kd,cpc_usd,updated,source,database,metric_period,collected_on,evidence_class
"umbrella","kids activities","Commercial","550000","47","0.00","Now","Semrush Keyword Overview bulk refresh","United States","July 2026","2026-07-29","TOOL_ESTIMATE"
"umbrella","activities for kids","Informational","9900","44","0.79","Now","Semrush Keyword Overview bulk refresh","United States","July 2026","2026-07-29","TOOL_ESTIMATE"
"umbrella","fun activities for kids","Commercial","6600","37","0.00","Now","Semrush Keyword Overview bulk refresh","United States","July 2026","2026-07-29","TOOL_ESTIMATE"
"umbrella","activity ideas for kids","Informational","30","29","0.00","Now","Semrush Keyword Overview bulk refresh","United States","July 2026","2026-07-29","TOOL_ESTIMATE"
"umbrella","things to do with kids","Informational","18100","21","0.78","Now","Semrush Keyword Overview bulk refresh","United States","July 2026","2026-07-29","TOOL_ESTIMATE"
"umbrella","fun things to do with kids","Informational","5400","15","0.83","Now","Semrush Keyword Overview bulk refresh","United States","July 2026","2026-07-29","TOOL_ESTIMATE"
"umbrella","kids activities near me","Transactional","40500","27","0.95","Now","Semrush Keyword Overview bulk refresh","United States","July 2026","2026-07-29","TOOL_ESTIMATE"
"umbrella","activities for preschoolers","Informational","2400","23","0.79","Now","Semrush Keyword Overview bulk refresh","United States","July 2026","2026-07-29","TOOL_ESTIMATE"
"umbrella","activities for 3 year olds","Informational","2400","19","0.54","Now","Semrush Keyword Overview bulk refresh","United States","July 2026","2026-07-29","TOOL_ESTIMATE"
"umbrella","activities for 4 year olds","Informational","1300","25","0.64","Now","Semrush Keyword Overview bulk refresh","United States","July 2026","2026-07-29","TOOL_ESTIMATE"
"umbrella","activities for 5 year olds","Informational","1000","9","0.59","Now","Semrush Keyword Overview bulk refresh","United States","July 2026","2026-07-29","TOOL_ESTIMATE"
"umbrella","activities for 6 year olds","Informational","480","35","0.65","Now","Semrush Keyword Overview bulk refresh","United States","July 2026","2026-07-29","TOOL_ESTIMATE"
"situation-constraint","indoor activities for kids","Commercial","6600","21","0.78","Now","Semrush Keyword Overview bulk refresh","United States","July 2026","2026-07-29","TOOL_ESTIMATE"
"situation-constraint","outdoor activities for kids","Commercial","2400","24","0.00","Now","Semrush Keyword Overview bulk refresh","United States","July 2026","2026-07-29","TOOL_ESTIMATE"
"situation-constraint","rainy day activities for kids","Informational","60500","22","0.00","Now","Semrush Keyword Overview bulk refresh","United States","July 2026","2026-07-29","TOOL_ESTIMATE"
"situation-constraint","activities for kids at home","Informational","590","23","0.00","Now","Semrush Keyword Overview bulk refresh","United States","July 2026","2026-07-29","TOOL_ESTIMATE"
"situation-constraint","after school activities for kids","Commercial","480","18","0.00","Now","Semrush Keyword Overview bulk refresh","United States","July 2026","2026-07-29","TOOL_ESTIMATE"
"situation-constraint","weekend activities for kids","Informational","390","47","0.00","Now","Semrush Keyword Overview bulk refresh","United States","July 2026","2026-07-29","TOOL_ESTIMATE"
"situation-constraint","screen free activities for kids","Informational","210","26","0.00","Now","Semrush Keyword Overview bulk refresh","United States","July 2026","2026-07-29","TOOL_ESTIMATE"
"situation-constraint","free activities for kids","Informational","260","18","0.00","Now","Semrush Keyword Overview bulk refresh","United States","July 2026","2026-07-29","TOOL_ESTIMATE"
"situation-constraint","no prep activities for kids","Informational","0","8","0.00","Now","Semrush Keyword Overview bulk refresh","United States","July 2026","2026-07-29","TOOL_ESTIMATE"
"situation-constraint","low prep activities for kids","Commercial","0","0","0.00","Now","Semrush Keyword Overview bulk refresh","United States","July 2026","2026-07-29","TOOL_ESTIMATE"
"situation-constraint","independent activities for kids","Informational","20","14","0.00","Now","Semrush Keyword Overview bulk refresh","United States","July 2026","2026-07-29","TOOL_ESTIMATE"
"situation-constraint","quick activities for kids","Informational","20","26","0.00","Now","Semrush Keyword Overview bulk refresh","United States","July 2026","2026-07-29","TOOL_ESTIMATE"
"games","games for kids","Informational;Commercial","40500","91","0.65","Now","Semrush Keyword Overview bulk refresh","United States","July 2026","2026-07-29","TOOL_ESTIMATE"
"games","fun games for kids","Informational","8100","74","0.00","Now","Semrush Keyword Overview bulk refresh","United States","July 2026","2026-07-29","TOOL_ESTIMATE"
"games","family games","Commercial","9900","10","0.28","Now","Semrush Keyword Overview bulk refresh","United States","July 2026","2026-07-29","TOOL_ESTIMATE"
"games","indoor games for kids","Informational;Commercial","4400","20","0.00","Now","Semrush Keyword Overview bulk refresh","United States","July 2026","2026-07-29","TOOL_ESTIMATE"
"games","outdoor games for kids","Informational;Commercial","6600","35","0.17","Now","Semrush Keyword Overview bulk refresh","United States","July 2026","2026-07-29","TOOL_ESTIMATE"
"games","games to play at home with kids","Informational","210","18","0.00","Now","Semrush Keyword Overview bulk refresh","United States","July 2026","2026-07-29","TOOL_ESTIMATE"
"games","no equipment games for kids","Informational","10","13","0.00","Now","Semrush Keyword Overview bulk refresh","United States","July 2026","2026-07-29","TOOL_ESTIMATE"
"games","movement games for kids","Informational","50","8","0.00","Now","Semrush Keyword Overview bulk refresh","United States","July 2026","2026-07-29","TOOL_ESTIMATE"
"games","cooperative games for kids","Informational","110","35","0.00","Now","Semrush Keyword Overview bulk refresh","United States","July 2026","2026-07-29","TOOL_ESTIMATE"
"games","card games for kids","Informational","4400","14","0.12","Now","Semrush Keyword Overview bulk refresh","United States","July 2026","2026-07-29","TOOL_ESTIMATE"
"games","board games for kids","Informational;Commercial","8100","21","0.21","Now","Semrush Keyword Overview bulk refresh","United States","July 2026","2026-07-29","TOOL_ESTIMATE"
"games","games for preschoolers","Informational","1600","23","1.20","Now","Semrush Keyword Overview bulk refresh","United States","July 2026","2026-07-29","TOOL_ESTIMATE"
"arts-crafts","crafts for kids","Informational","14800","48","0.27","Now","Semrush Keyword Overview bulk refresh","United States","July 2026","2026-07-29","TOOL_ESTIMATE"
"arts-crafts","arts and crafts for kids","Informational;Commercial","12100","43","0.36","Now","Semrush Keyword Overview bulk refresh","United States","July 2026","2026-07-29","TOOL_ESTIMATE"
"arts-crafts","art activities for kids","Informational","1600","33","0.00","Now","Semrush Keyword Overview bulk refresh","United States","July 2026","2026-07-29","TOOL_ESTIMATE"
"arts-crafts","easy crafts for kids","Informational","5400","40","0.20","Now","Semrush Keyword Overview bulk refresh","United States","July 2026","2026-07-29","TOOL_ESTIMATE"
"arts-crafts","preschool crafts","Informational","1900","30","0.28","Now","Semrush Keyword Overview bulk refresh","United States","July 2026","2026-07-29","TOOL_ESTIMATE"
"arts-crafts","crafts for 3 year olds","Informational","1600","30","0.28","Now","Semrush Keyword Overview bulk refresh","United States","July 2026","2026-07-29","TOOL_ESTIMATE"
"arts-crafts","crafts for 4 year olds","Informational;Commercial","1000","33","0.22","Now","Semrush Keyword Overview bulk refresh","United States","July 2026","2026-07-29","TOOL_ESTIMATE"
"arts-crafts","crafts for 5 year olds","Informational","720","30","0.21","Now","Semrush Keyword Overview bulk refresh","United States","July 2026","2026-07-29","TOOL_ESTIMATE"
"arts-crafts","drawing activities for kids","Informational","260","18","0.00","Now","Semrush Keyword Overview bulk refresh","United States","July 2026","2026-07-29","TOOL_ESTIMATE"
"arts-crafts","painting activities for kids","Informational","260","8","0.00","Now","Semrush Keyword Overview bulk refresh","United States","July 2026","2026-07-29","TOOL_ESTIMATE"
"arts-crafts","recycled crafts for kids","Informational","70","18","0.00","Now","Semrush Keyword Overview bulk refresh","United States","July 2026","2026-07-29","TOOL_ESTIMATE"
"arts-crafts","paper crafts for kids","Informational","2900","31","0.00","Now","Semrush Keyword Overview bulk refresh","United States","July 2026","2026-07-29","TOOL_ESTIMATE"
"science-building","science experiments for kids","Informational","14800","46","0.25","Now","Semrush Keyword Overview bulk refresh","United States","July 2026","2026-07-29","TOOL_ESTIMATE"
"science-building","science activities for kids","Informational","1000","47","0.00","Now","Semrush Keyword Overview bulk refresh","United States","July 2026","2026-07-29","TOOL_ESTIMATE"
"science-building","stem activities for kids","Informational","2900","41","0.00","Now","Semrush Keyword Overview bulk refresh","United States","July 2026","2026-07-29","TOOL_ESTIMATE"
"science-building","engineering activities for kids","Informational","320","26","0.00","Now","Semrush Keyword Overview bulk refresh","United States","July 2026","2026-07-29","TOOL_ESTIMATE"
"science-building","building activities for kids","Informational;Commercial","260","12","0.00","Now","Semrush Keyword Overview bulk refresh","United States","July 2026","2026-07-29","TOOL_ESTIMATE"
"science-building","construction activities for kids","Informational","50","16","0.00","Now","Semrush Keyword Overview bulk refresh","United States","July 2026","2026-07-29","TOOL_ESTIMATE"
"science-building","tinkering activities for kids","Informational","n/a","18","n/a","Now","Semrush Keyword Overview bulk refresh","United States","July 2026","2026-07-29","TOOL_ESTIMATE"
"science-building","science experiments for preschoolers","Informational","1300","27","0.18","Now","Semrush Keyword Overview bulk refresh","United States","July 2026","2026-07-29","TOOL_ESTIMATE"
"science-building","stem activities for preschoolers","Informational;Commercial","1300","19","0.66","Now","Semrush Keyword Overview bulk refresh","United States","July 2026","2026-07-29","TOOL_ESTIMATE"
"science-building","science activities for 4 year olds","Informational","20","19","0.40","Now","Semrush Keyword Overview bulk refresh","United States","July 2026","2026-07-29","TOOL_ESTIMATE"
"science-building","building activities for preschoolers","Informational","390","12","0.95","Now","Semrush Keyword Overview bulk refresh","United States","July 2026","2026-07-29","TOOL_ESTIMATE"
"science-building","lego activities for kids","Informational","140","12","0.00","Now","Semrush Keyword Overview bulk refresh","United States","July 2026","2026-07-29","TOOL_ESTIMATE"
"pretend-story-music","pretend play activities","Informational","20","20","0.00","Now","Semrush Keyword Overview bulk refresh","United States","July 2026","2026-07-29","TOOL_ESTIMATE"
"pretend-story-music","imaginative play ideas","Informational","20","19","0.17","Now","Semrush Keyword Overview bulk refresh","United States","July 2026","2026-07-29","TOOL_ESTIMATE"
"pretend-story-music","dramatic play activities","Informational;Commercial","20","26","0.00","Now","Semrush Keyword Overview bulk refresh","United States","July 2026","2026-07-29","TOOL_ESTIMATE"
"pretend-story-music","role play activities for kids","Informational","0","0","0.00","Now","Semrush Keyword Overview bulk refresh","United States","July 2026","2026-07-29","TOOL_ESTIMATE"
"pretend-story-music","storytelling activities for kids","Informational","30","20","0.00","Now","Semrush Keyword Overview bulk refresh","United States","July 2026","2026-07-29","TOOL_ESTIMATE"
"pretend-story-music","creative writing for kids","Informational","210","28","0.00","Now","Semrush Keyword Overview bulk refresh","United States","July 2026","2026-07-29","TOOL_ESTIMATE"
"pretend-story-music","story games for kids","Informational;Commercial","10","14","0.00","Now","Semrush Keyword Overview bulk refresh","United States","July 2026","2026-07-29","TOOL_ESTIMATE"
"pretend-story-music","music activities for kids","Informational","40","15","0.00","Now","Semrush Keyword Overview bulk refresh","United States","July 2026","2026-07-29","TOOL_ESTIMATE"
"pretend-story-music","music games for kids","Informational","1900","46","0.00","Now","Semrush Keyword Overview bulk refresh","United States","July 2026","2026-07-29","TOOL_ESTIMATE"
"pretend-story-music","dance activities for kids","Transactional","90","15","0.00","Now","Semrush Keyword Overview bulk refresh","United States","July 2026","2026-07-29","TOOL_ESTIMATE"
"pretend-story-music","sensory play activities","Informational","170","28","0.49","Now","Semrush Keyword Overview bulk refresh","United States","July 2026","2026-07-29","TOOL_ESTIMATE"
"pretend-story-music","sensory activities for kids","Informational","720","23","0.00","Now","Semrush Keyword Overview bulk refresh","United States","July 2026","2026-07-29","TOOL_ESTIMATE"
"explore-outings","nature activities for kids","Informational","320","14","0.00","Now","Semrush Keyword Overview bulk refresh","United States","July 2026","2026-07-29","TOOL_ESTIMATE"
"explore-outings","nature activities for preschoolers","Informational","170","14","1.63","Now","Semrush Keyword Overview bulk refresh","United States","July 2026","2026-07-29","TOOL_ESTIMATE"
"explore-outings","scavenger hunt for kids","Commercial","1900","26","0.00","Now","Semrush Keyword Overview bulk refresh","United States","July 2026","2026-07-29","TOOL_ESTIMATE"
"explore-outings","outdoor scavenger hunt for kids","Informational;Commercial","1300","28","0.00","Now","Semrush Keyword Overview bulk refresh","United States","July 2026","2026-07-29","TOOL_ESTIMATE"
"explore-outings","nature scavenger hunt","Informational","2900","24","0.81","Now","Semrush Keyword Overview bulk refresh","United States","July 2026","2026-07-29","TOOL_ESTIMATE"
"explore-outings","backyard activities for kids","Informational","320","43","0.00","Now","Semrush Keyword Overview bulk refresh","United States","July 2026","2026-07-29","TOOL_ESTIMATE"
"explore-outings","outdoor learning activities","Informational","210","12","0.70","Now","Semrush Keyword Overview bulk refresh","United States","July 2026","2026-07-29","TOOL_ESTIMATE"
"explore-outings","kids museum activities","Commercial","0","66","0.00","Now","Semrush Keyword Overview bulk refresh","United States","July 2026","2026-07-29","TOOL_ESTIMATE"
"explore-outings","field trip ideas for preschool","Informational","0","1","5.01","Now","Semrush Keyword Overview bulk refresh","United States","July 2026","2026-07-29","TOOL_ESTIMATE"
"explore-outings","places to take kids","Transactional","3600","35","1.09","Now","Semrush Keyword Overview bulk refresh","United States","July 2026","2026-07-29","TOOL_ESTIMATE"
"explore-outings","things to do with kids near me","Transactional","60500","17","0.96","Now","Semrush Keyword Overview bulk refresh","United States","July 2026","2026-07-29","TOOL_ESTIMATE"
"explore-outings","day trips with kids","Informational","70","16","0.00","Now","Semrush Keyword Overview bulk refresh","United States","July 2026","2026-07-29","TOOL_ESTIMATE"
"projects-kits","projects for kids","Informational","590","32","0.00","Now","Semrush Keyword Overview bulk refresh","United States","July 2026","2026-07-29","TOOL_ESTIMATE"
"projects-kits","kids projects","Informational","590","49","0.00","Now","Semrush Keyword Overview bulk refresh","United States","July 2026","2026-07-29","TOOL_ESTIMATE"
"projects-kits","long term projects for kids","Informational","0","7","0.00","Now","Semrush Keyword Overview bulk refresh","United States","July 2026","2026-07-29","TOOL_ESTIMATE"
"projects-kits","weekend projects for kids","Informational","0","21","0.00","Now","Semrush Keyword Overview bulk refresh","United States","July 2026","2026-07-29","TOOL_ESTIMATE"
"projects-kits","diy projects for kids","Informational","110","37","0.00","Now","Semrush Keyword Overview bulk refresh","United States","July 2026","2026-07-29","TOOL_ESTIMATE"
"projects-kits","kids activity kits","Commercial","110","13","0.00","Now","Semrush Keyword Overview bulk refresh","United States","July 2026","2026-07-29","TOOL_ESTIMATE"
"projects-kits","craft kits for kids","Commercial","1300","22","0.00","Now","Semrush Keyword Overview bulk refresh","United States","July 2026","2026-07-29","TOOL_ESTIMATE"
"projects-kits","science kits for kids","Informational;Commercial","4400","25","1.12","Now","Semrush Keyword Overview bulk refresh","United States","July 2026","2026-07-29","TOOL_ESTIMATE"
"projects-kits","stem kits for kids","Informational;Commercial","1600","33","0.00","Now","Semrush Keyword Overview bulk refresh","United States","July 2026","2026-07-29","TOOL_ESTIMATE"
"projects-kits","activity books for kids","Commercial","880","9","0.00","Now","Semrush Keyword Overview bulk refresh","United States","July 2026","2026-07-29","TOOL_ESTIMATE"
"projects-kits","subscription boxes for kids","Commercial","4400","20","2.30","Now","Semrush Keyword Overview bulk refresh","United States","July 2026","2026-07-29","TOOL_ESTIMATE"
"projects-kits","building kits for kids","Informational;Commercial","390","19","0.00","Now","Semrush Keyword Overview bulk refresh","United States","July 2026","2026-07-29","TOOL_ESTIMATE"
